ELC1021,Electronique Analogique
MAT1011,Algebre
INF1021,Algorithmique
MAT3031,Algorithmique AV
MAT1021,Analyse Calculs
MAT2021,Analyse Calculs Av
MAT2022, Analyse Numerique
ELC4061,Asservissement Numerique
INF3081,Bases de donnees Relationelles
SSH1022,Business English
MEC2012,CAO
CHM1011,Chimie
SSH3021,Communication Organisationnelle
SSH4031,Droit pour Ingenieur
ELC3071,Electronique Av
ELC3051,Electronique de Puissance
ELC3061,Energies renouvelables
SSH3031,English Workshops
SSH4032,Entreprenariat
ELC2021,Equipements et habilitations Electriques
IND4051,Fiabilite des systemes
IND4041,Gestion de la maintenance
INF4061,Langages et compilateurs
SSH1021,Management pour ingenieur
PHS1021,Mecanique de Base
MEC2011,Mecanique des solides
INF4101,NoSQL and Big Data
ELC4071,PLD Description VHDL
INF4091, Programmation JEE
INF2031,Programmation Oriente Objet
INF3061,CCNA34
INF4071,Sciences des Donnees
INF4081,Securite Informatique
ELC3041,Systemes Automatises
ELC4051,Temps Reel
PHS2021,Thermodynamiques et reseaux fluidiques
INF3071,UML Methodes Agiles
